"release","APP - GINI -ADS","APP - GINI - AIS","APP - SCF","APP - ADCS","RD1-ADS","RD1-GINI -ADS","RD1-AIS","RD1-GINI -AIS","RD2-ADS","RD2-GINI -ADS","RD2-AIS","RD2-GINI -AIS","RD3-ADS","RD3-GINI -ADS","RD3-AIS","RD3-GINI -AIS","RD4-ADS","RD4-GINI -ADS","RD4-AIS","RD4-GINI -AIS","RD5-ADS","RD5-GINI -ADS","RD5-AIS","RD5-GINI -AIS","RD6-ADS","RD6-GINI -ADS","RD6-AIS","RD6-GINI -AIS","RD7-ADS","RD7-GINI -ADS","RD7-AIS","RD7-GINI -AIS","RD8-ADS","RD8-GINI -ADS","RD8-AIS","RD8-GINI -AIS","RD9-ADS","RD9-GINI -ADS","RD9-AIS","RD9-GINI -AIS","RD10-ADS","RD10-GINI -ADS","RD10-AIS","RD10-GINI -AIS","RD11-ADS","RD11-GINI -ADS","RD11-AIS","RD11-GINI -AIS","RD12-ADS","RD12-GINI -ADS","RD12-AIS","RD12-GINI -AIS","RD13-ADS","RD13-GINI -ADS","RD13-AIS","RD13-GINI -AIS","RD14-ADS","RD14-GINI -ADS","RD14-AIS","RD14-GINI -AIS","RD15-ADS","RD15-GINI -ADS","RD15-AIS","RD15-GINI -AIS","RD16-ADS","RD16-GINI -ADS","RD16-AIS","RD16-GINI -AIS","RD17-ADS","RD17-GINI -ADS","RD17-AIS","RD17-GINI -AIS","RD18-ADS","RD18-GINI -ADS","RD18-AIS","RD18-GINI -AIS","RD19-ADS","RD19-GINI -ADS","RD19-AIS","RD19-GINI -AIS","RD20-ADS","RD20-GINI -ADS","RD20-AIS","RD20-GINI -AIS","RD21-ADS","RD21-GINI -ADS","RD21-AIS","RD21-GINI -AIS","RD22-ADS","RD22-GINI -ADS","RD22-AIS","RD22-GINI -AIS","RD23-ADS","RD23-GINI -ADS","RD23-AIS","RD23-GINI -AIS","RD24-ADS","RD24-GINI -ADS","RD24-AIS","RD24-GINI -AIS","RD25-ADS","RD25-GINI -ADS","RD25-AIS","RD25-GINI -AIS","RD26-ADS","RD26-GINI -ADS","RD26-AIS","RD26-GINI -AIS","RD27-ADS","RD27-GINI -ADS","RD27-AIS","RD27-GINI -AIS","RD28-ADS","RD28-GINI -ADS","RD28-AIS","RD28-GINI -AIS","RD29-ADS","RD29-GINI -ADS","RD29-AIS","RD29-GINI -AIS","RD30-ADS","RD30-GINI -ADS","RD30-AIS","RD30-GINI -AIS","RD31-ADS","RD31-GINI -ADS","RD31-AIS","RD31-GINI -AIS","RD32-ADS","RD32-GINI -ADS","RD32-AIS","RD32-GINI -AIS","RD33-ADS","RD33-GINI -ADS","RD33-AIS","RD33-GINI -AIS","RD34-ADS","RD34-GINI -ADS","RD34-AIS","RD34-GINI -AIS","RD35-ADS","RD35-GINI -ADS","RD35-AIS","RD35-GINI -AIS","RD36-ADS","RD36-GINI -ADS","RD36-AIS","RD36-GINI -AIS","RD37-ADS","RD37-GINI -ADS","RD37-AIS","RD37-GINI -AIS","RD38-ADS","RD38-GINI -ADS","RD38-AIS","RD38-GINI -AIS","RD39-ADS","RD39-GINI -ADS","RD39-AIS","RD39-GINI -AIS","RD40-ADS","RD40-GINI -ADS","RD40-AIS","RD40-GINI -AIS","RD41-ADS","RD41-GINI -ADS","RD41-AIS","RD41-GINI -AIS","RD42-ADS","RD42-GINI -ADS","RD42-AIS","RD42-GINI -AIS","RD43-ADS","RD43-GINI -ADS","RD43-AIS","RD43-GINI -AIS","RD44-ADS","RD44-GINI -ADS","RD44-AIS","RD44-GINI -AIS","RD45-ADS","RD45-GINI -ADS","RD45-AIS","RD45-GINI -AIS","RD46-ADS","RD46-GINI -ADS","RD46-AIS","RD46-GINI -AIS","RD47-ADS","RD47-GINI -ADS","RD47-AIS","RD47-GINI -AIS","RD48-ADS","RD48-GINI -ADS","RD48-AIS","RD48-GINI -AIS","RD49-ADS","RD49-GINI -ADS","RD49-AIS","RD49-GINI -AIS","RD50-ADS","RD50-GINI -ADS","RD50-AIS","RD50-GINI -AIS","RD51-ADS","RD51-GINI -ADS","RD51-AIS","RD51-GINI -AIS","RD52-ADS","RD52-GINI -ADS","RD52-AIS","RD52-GINI -AIS","RD53-ADS","RD53-GINI -ADS","RD53-AIS","RD53-GINI -AIS","RD54-ADS","RD54-GINI -ADS","RD54-AIS","RD54-GINI -AIS","RD55-ADS","RD55-GINI -ADS","RD55-AIS","RD55-GINI -AIS","CPS1-ADS","CPS1-GINI -ADS","CPS1-AIS","CPS1-GINI -AIS","CPS2-ADS","CPS2-GINI -ADS","CPS2-AIS","CPS2-GINI -AIS","CPS3-ADS","CPS3-GINI -ADS","CPS3-AIS","CPS3-GINI -AIS","CPS4-ADS","CPS4-GINI -ADS","CPS4-AIS","CPS4-GINI -AIS","GTW-ADS","GTW-GINI -ADS","GTW-AIS","GTW-GINI -AIS","REG-ADS","REG-GINI -ADS","REG-AIS","REG-GINI -AIS","MSB-ADS","MSB-GINI -ADS","MSB-AIS","MSB-GINI -AIS","CFG-ADS","CFG-GINI -ADS","CFG-AIS","CFG-GINI -AIS","TRC-ADS","TRC-GINI -ADS","TRC-AIS","TRC-GINI -AIS","MSV1-ADS","MSV1-GINI -ADS","MSV1-AIS","MSV1-GINI -AIS","MSV2-ADS","MSV2-GINI -ADS","MSV2-AIS","MSV2-GINI -AIS","MSV3-ADS","MSV3-GINI -ADS","MSV3-AIS","MSV3-GINI -AIS","MSV4-ADS","MSV4-GINI -ADS","MSV4-AIS","MSV4-GINI -AIS","MSV5-ADS","MSV5-GINI -ADS","MSV5-AIS","MSV5-GINI -AIS","MSV6-ADS","MSV6-GINI -ADS","MSV6-AIS","MSV6-GINI -AIS","MSV7-ADS","MSV7-GINI -ADS","MSV7-AIS","MSV7-GINI -AIS","MSV8-ADS","MSV8-GINI -ADS","MSV8-AIS","MSV8-GINI -AIS","MSV9-ADS","MSV9-GINI -ADS","MSV9-AIS","MSV9-GINI -AIS","MSV10-ADS","MSV10-GINI -ADS","MSV10-AIS","MSV10-GINI -AIS","MSV11-ADS","MSV11-GINI -ADS","MSV11-AIS","MSV11-GINI -AIS","MSV12-ADS","MSV12-GINI -ADS","MSV12-AIS","MSV12-GINI -AIS","MSV13-ADS","MSV13-GINI -ADS","MSV13-AIS","MSV13-GINI -AIS","MSV14-ADS","MSV14-GINI -ADS","MSV14-AIS","MSV14-GINI -AIS","MSV15-ADS","MSV15-GINI -ADS","MSV15-AIS","MSV15-GINI -AIS","MSV16-ADS","MSV16-GINI -ADS","MSV16-AIS","MSV16-GINI -AIS","MSV17-ADS","MSV17-GINI -ADS","MSV17-AIS","MSV17-GINI -AIS","MSV18-ADS","MSV18-GINI -ADS","MSV18-AIS","MSV18-GINI -AIS","MSV19-ADS","MSV19-GINI -ADS","MSV19-AIS","MSV19-GINI -AIS","MSV20-ADS","MSV20-GINI -ADS","MSV20-AIS","MSV20-GINI -AIS","MSV21-ADS","MSV21-GINI -ADS","MSV21-AIS","MSV21-GINI -AIS","MSV22-ADS","MSV22-GINI -ADS","MSV22-AIS","MSV22-GINI -AIS","MSV23-ADS","MSV23-GINI -ADS","MSV23-AIS","MSV23-GINI -AIS","MSV24-ADS","MSV24-GINI -ADS","MSV24-AIS","MSV24-GINI -AIS","MSV25-ADS","MSV25-GINI -ADS","MSV25-AIS","MSV25-GINI -AIS","MSV26-ADS","MSV26-GINI -ADS","MSV26-AIS","MSV26-GINI -AIS","MSV27-ADS","MSV27-GINI -ADS","MSV27-AIS","MSV27-GINI -AIS","MSV28-ADS","MSV28-GINI -ADS","MSV28-AIS","MSV28-GINI -AIS","MSV29-ADS","MSV29-GINI -ADS","MSV29-AIS","MSV29-GINI -AIS","MSV30-ADS","MSV30-GINI -ADS","MSV30-AIS","MSV30-GINI -AIS","MSV31-ADS","MSV31-GINI -ADS","MSV31-AIS","MSV31-GINI -AIS","MSV32-ADS","MSV32-GINI -ADS","MSV32-AIS","MSV32-GINI -AIS","MSV33-ADS","MSV33-GINI -ADS","MSV33-AIS","MSV33-GINI -AIS","MSV34-ADS","MSV34-GINI -ADS","MSV34-AIS","MSV34-GINI -AIS","MSV35-ADS","MSV35-GINI -ADS","MSV35-AIS","MSV35-GINI -AIS","MSV36-ADS","MSV36-GINI -ADS","MSV36-AIS","MSV36-GINI -AIS","MSV37-ADS","MSV37-GINI -ADS","MSV37-AIS","MSV37-GINI -AIS"
"0","0.4728009","0.5297068","0.08035714285714286","5.0625","6.0","0","5.0","0","2.0","0","2.0","0","2.0","0","3.0","0","2.0","0","3.0","0","5.0","0","2.0","0","2.0","0","3.0","0","8.0","0","5.0","0","3.0","0","4.0","0","3.0","0","2.0","0","3.0","0","3.0","0","2.0","0","3.0","0","3.0","0","3.0","0","7.0","0","4.0","0","46.0","0","3.0","0","3.0","0","2.0","0","8.0","0","3.0","0","3.0","0","1.0","0","3.0","0","4.0","0","2.0","0","2.0","0","8.0","0","2.0","0","6.0","0","5.0","0","2.0","0","3.0","0","2.0","0","6.0","0","3.0","0","2.0","0","5.0","0","3.0","0","2.0","0","5.0","0","2.0","0","5.0","0","3.0","0","6.0","0","2.0","0","3.0","0","2.0","0","3.0","0","2.0","0","2.0","0","9.0","0","1.0","0","2.0","0","3.0","0","3.0","0","4.0","0","2.0","0","2.0","0","2.0","0","3.0","0","8.0","0","2.0","0","3.0","0","2.0","0","3.0","0","4.0","0","5.0","0","2.0","0","4.0","0","2.0","0","2.0","0","4.0","0","4.0","0","2.0","0","3.0","0","2.0","0","6.0","0","4.0","0","4.0","0","1.0","0","3.0","0","3.0","0","3.0","0","6.0","0","6.0","0","2.0","0","2.0","0","5.0","0","2.0","0","4.0","0","4.0","0","4.0","0","2.0","0","4.0","0","3.0","0","3.0","0","4.0","0","2.0","0","5.0","0","1.0","0","4.0","0","1.0","0","6.0","0","1.0","0","5.0","0","1.0","0","5.0","0","0.0","0","1.0","0","28.0","0","55.0","0","33.0","0","1.0","0","25.0","0","1.0","0","61.0","0","0.0","","0.0","","0.0","","0.0","","0.0","","0.0","","0.0","","0.0","","0.0","","0.0","","0.0","","0.0","","0.0","","0.0","","0.0","","0.0","","0.0","","0.0","","0.0","","0.0","","0.0","","0.0","","0.0","","0.0","","0.0","","0.0","","0.0","","0.0","","0.0","","0.0","","0.0","","0.0","","0.0","","0.0","","0.0","","0.0","","0.0","","0.0","","0.0","","0.0","","0.0","","0.0","","0.0","","0.0","","0.0","","0.0","","0.0","","0.0","","0.0","","0.0","","0.0","","0.0","","0.0","","0.0","","0.0","","0.0","","0.0","","0.0","","0.0","","0.0","","0.0","","0.0","","0.0","","0.0","","0.0","","0.0","","0.0","","0.0","","0.0","","0.0","","0.0","","0.0","","0.0","","0.0"
"1","0.4681453","0.5387915","0.0773892773892774","5.03030303030303","6.0","0","5.0","0","2.0","0","3.0","0.1","2.0","0","3.0","0","2.0","0","3.0","0","5.0","0","2.0","0","2.0","0","3.0","0","8.0","0","5.0","0","3.0","0","4.0","0","3.0","0","2.0","0","3.0","0","3.0","0","2.0","0","3.0","0","3.0","0","3.0","0","7.0","0","4.0","0","46.0","0","3.0","0","3.0","0","2.0","0","8.0","0","3.0","0","3.0","0","1.0","0","3.0","0","4.0","0","2.0","0","2.0","0","8.0","0","2.0","0","6.0","0","5.0","0","2.0","0","3.0","0","2.0","0","6.0","0","3.0","0","2.0","0","5.0","0","3.0","0","2.0","0","5.0","0","2.0","0","5.0","0","3.0","0","6.0","0","2.0","0","3.0","0","2.0","0","3.0","0","2.0","0","2.0","0","9.0","0","1.0","0","2.0","0","3.0","0","4.0","0.07142857","4.0","0","2.0","0","2.0","0","2.0","0","3.0","0","8.0","0","2.0","0","3.0","0","2.0","0","3.0","0","4.0","0","5.0","0","2.0","0","4.0","0","2.0","0","2.0","0","4.0","0","4.0","0","2.0","0","3.0","0","2.0","0","6.0","0","4.0","0","4.0","0","1.0","0","3.0","0","3.0","0","3.0","0","6.0","0","6.0","0","2.0","0","2.0","0","5.0","0","2.0","0","4.0","0","4.0","0","4.0","0","2.0","0","4.0","0","3.0","0","3.0","0","4.0","0","2.0","0","5.0","0","1.0","0","4.0","0","1.0","0","6.0","0","1.0","0","5.0","0","1.0","0","6.0","0.04545455","0.0","0","1.0","0","30.0","0.01724138","55.0","0","33.0","0","1.0","0","26.0","0.009803922","1.0","0","63.0","0.008064516","4.0","0","1.0","0","2.0","0","1.0","0","0.0","","0.0","","0.0","","0.0","","0.0","","0.0","","0.0","","0.0","","0.0","","0.0","","0.0","","0.0","","0.0","","0.0","","0.0","","0.0","","0.0","","0.0","","0.0","","0.0","","0.0","","0.0","","0.0","","0.0","","0.0","","0.0","","0.0","","0.0","","0.0","","0.0","","0.0","","0.0","","0.0","","0.0","","0.0","","0.0","","0.0","","0.0","","0.0","","0.0","","0.0","","0.0","","0.0","","0.0","","0.0","","0.0","","0.0","","0.0","","0.0","","0.0","","0.0","","0.0","","0.0","","0.0","","0.0","","0.0","","0.0","","0.0","","0.0","","0.0","","0.0","","0.0","","0.0","","0.0","","0.0","","0.0","","0.0","","0.0","","0.0","","0.0"
"2","0.4689979","0.5564190","0.07002012072434607","4.901408450704225","6.0","0","5.0","0","2.0","0","3.0","0.08333333","2.0","0","3.0","0","2.0","0","3.0","0","5.0","0","2.0","0","2.0","0","3.0","0","8.0","0","5.0","0","3.0","0","4.0","0","3.0","0","2.0","0","3.0","0","3.0","0","2.0","0","3.0","0","3.0","0","3.0","0","7.0","0","4.0","0","46.0","0","3.0","0","3.0","0","2.0","0","8.0","0","3.0","0","3.0","0","1.0","0","3.0","0","4.0","0","2.0","0","2.0","0","8.0","0","2.0","0","6.0","0","5.0","0","2.0","0","3.0","0","2.0","0","7.0","0.03508772","3.0","0","2.0","0","5.0","0","3.0","0","2.0","0","5.0","0","2.0","0","5.0","0","3.0","0","6.0","0","2.0","0","3.0","0","2.0","0","3.0","0","2.0","0","2.0","0","9.0","0","1.0","0","2.0","0","3.0","0","4.0","0.06060606","4.0","0","2.0","0","2.0","0","2.0","0","3.0","0","8.0","0","2.0","0","4.0","0.06666667","2.0","0","3.0","0","4.0","0","5.0","0","2.0","0","5.0","0.05128205","2.0","0","2.0","0","4.0","0","4.0","0","2.0","0","3.0","0","2.0","0","6.0","0","5.0","0.05128205","4.0","0","1.0","0","3.0","0","3.0","0","3.0","0","6.0","0","6.0","0","2.0","0","2.0","0","5.0","0","2.0","0","4.0","0","4.0","0","4.0","0","2.0","0","4.0","0","3.0","0","3.0","0","4.0","0","2.0","0","5.0","0","1.0","0","4.0","0","2.0","0.1666667","6.0","0","1.0","0","5.0","0","1.0","0","9.0","0.1333333","0.0","0","1.0","0","35.0","0.05017921","55.0","0","33.0","0","1.0","0","27.0","0.01709402","1.0","0","65.0","0.01410935","4.0","0","1.0","0","2.0","0","1.0","0","1.0","0","1.0","0","3.0","0","1.0","0","1.0","0","1.0","0","3.0","0","1.0","0","3.0","0","1.0","0","0.0","","0.0","","0.0","","0.0","","0.0","","0.0","","0.0","","0.0","","0.0","","0.0","","0.0","","0.0","","0.0","","0.0","","0.0","","0.0","","0.0","","0.0","","0.0","","0.0","","0.0","","0.0","","0.0","","0.0","","0.0","","0.0","","0.0","","0.0","","0.0","","0.0","","0.0","","0.0","","0.0","","0.0","","0.0","","0.0","","0.0","","0.0","","0.0","","0.0","","0.0","","0.0","","0.0","","0.0","","0.0","","0.0","","0.0","","0.0","","0.0","","0.0","","0.0","","0.0","","0.0","","0.0","","0.0","","0.0","","0.0","","0.0","","0.0","","0.0"
"3","0.4641730","0.5615530","0.06885758998435054","4.888888888888889","6.0","0","5.0","0","2.0","0","3.0","0.06818182","2.0","0","3.0","0","2.0","0","3.0","0","5.0","0","2.0","0","2.0","0","3.0","0","8.0","0","5.0","0","3.0","0","4.0","0","3.0","0","2.0","0","3.0","0","3.0","0","2.0","0","3.0","0","3.0","0","3.0","0","7.0","0","4.0","0","46.0","0","3.0","0","3.0","0","2.0","0","8.0","0","3.0","0","3.0","0","1.0","0","3.0","0","4.0","0","2.0","0","2.0","0","8.0","0","2.0","0","6.0","0","5.0","0","2.0","0","3.0","0","2.0","0","7.0","0.03846154","3.0","0","2.0","0","5.0","0","3.0","0","2.0","0","5.0","0","2.0","0","5.0","0","3.0","0","6.0","0","2.0","0","3.0","0","2.0","0","3.0","0","2.0","0","2.0","0","9.0","0","1.0","0","2.0","0","3.0","0","4.0","0.05","4.0","0","2.0","0","2.0","0","2.0","0","3.0","0","8.0","0","2.0","0","4.0","0.07142857","2.0","0","3.0","0","4.0","0","5.0","0","2.0","0","5.0","0.05555556","2.0","0","2.0","0","4.0","0","4.0","0","2.0","0","3.0","0","2.0","0","6.0","0","5.0","0.05555556","4.0","0","1.0","0","3.0","0","3.0","0","3.0","0","6.0","0","6.0","0","2.0","0","3.0","0.08333333","5.0","0","2.0","0","4.0","0","4.0","0","4.0","0","2.0","0","4.0","0","3.0","0","3.0","0","4.0","0","2.0","0","5.0","0","1.0","0","4.0","0","2.0","0.1666667","6.0","0","1.0","0","5.0","0","1.0","0","9.0","0.1293103","0.0","0","1.0","0","36.0","0.05620155","55.0","0","33.0","0","1.0","0","28.0","0.02358491","1.0","0","66.0","0.01666667","4.0","0","1.0","0","2.0","0","1.0","0","1.0","0","1.0","0","3.0","0","1.0","0","1.0","0","1.0","0","3.0","0","1.0","0","3.0","0","1.0","0","3.0","0","1.0","0","0.0","","0.0","","0.0","","0.0","","0.0","","0.0","","0.0","","0.0","","0.0","","0.0","","0.0","","0.0","","0.0","","0.0","","0.0","","0.0","","0.0","","0.0","","0.0","","0.0","","0.0","","0.0","","0.0","","0.0","","0.0","","0.0","","0.0","","0.0","","0.0","","0.0","","0.0","","0.0","","0.0","","0.0","","0.0","","0.0","","0.0","","0.0","","0.0","","0.0","","0.0","","0.0","","0.0","","0.0","","0.0","","0.0","","0.0","","0.0","","0.0","","0.0","","0.0","","0.0","","0.0","","0.0","","0.0","","0.0","","0.0","","0.0"
"4","0.4641730","0.5615530","0.06885758998435054","4.888888888888889","6.0","0","5.0","0","2.0","0","3.0","0.05714286","2.0","0","3.0","0","2.0","0","3.0","0","5.0","0","2.0","0","2.0","0","3.0","0","8.0","0","5.0","0","3.0","0","4.0","0","3.0","0","2.0","0","3.0","0","3.0","0","2.0","0","3.0","0","3.0","0","3.0","0","7.0","0","4.0","0","46.0","0","3.0","0","3.0","0","2.0","0","8.0","0","3.0","0","3.0","0","1.0","0","3.0","0","4.0","0","2.0","0","2.0","0","8.0","0","2.0","0","6.0","0","5.0","0","2.0","0","3.0","0","2.0","0","7.0","0.03636364","3.0","0","2.0","0","5.0","0","3.0","0","2.0","0","5.0","0","2.0","0","5.0","0","3.0","0","6.0","0","2.0","0","3.0","0","2.0","0","3.0","0","2.0","0","2.0","0","9.0","0","1.0","0","2.0","0","3.0","0","4.0","0.04210526","4.0","0","2.0","0","2.0","0","2.0","0","3.0","0","8.0","0","2.0","0","4.0","0.06666667","2.0","0","3.0","0","4.0","0","5.0","0","2.0","0","5.0","0.05217391","2.0","0","2.0","0","4.0","0","4.0","0","2.0","0","3.0","0","2.0","0","6.0","0","5.0","0.05217391","4.0","0","1.0","0","3.0","0","3.0","0","3.0","0","6.0","0","6.0","0","2.0","0","3.0","0.1","5.0","0","2.0","0","4.0","0","4.0","0","4.0","0","2.0","0","4.0","0","3.0","0","3.0","0","4.0","0","2.0","0","5.0","0","1.0","0","4.0","0","2.0","0.15","6.0","0","1.0","0","5.0","0","1.0","0","9.0","0.1157895","0.0","0","1.0","0","36.0","0.05333333","55.0","0","33.0","0","1.0","0","28.0","0.02388060","1.0","0","66.0","0.01619938","4.0","0","1.0","0","2.0","0","1.0","0","1.0","0","1.0","0","3.0","0","1.0","0","1.0","0","1.0","0","3.0","0","1.0","0","3.0","0","1.0","0","3.0","0","1.0","0","0.0","","0.0","","0.0","","0.0","","0.0","","0.0","","0.0","","0.0","","0.0","","0.0","","0.0","","0.0","","0.0","","0.0","","0.0","","0.0","","0.0","","0.0","","0.0","","0.0","","0.0","","0.0","","0.0","","0.0","","0.0","","0.0","","0.0","","0.0","","0.0","","0.0","","0.0","","0.0","","0.0","","0.0","","0.0","","0.0","","0.0","","0.0","","0.0","","0.0","","0.0","","0.0","","0.0","","0.0","","0.0","","0.0","","0.0","","0.0","","0.0","","0.0","","0.0","","0.0","","0.0","","0.0","","0.0","","0.0","","0.0","","0.0"
"5","0.4641730","0.5615530","0.06885758998435054","4.888888888888889","6.0","0","5.0","0","2.0","0","3.0","0.04901961","2.0","0","3.0","0","2.0","0","3.0","0","5.0","0","2.0","0","2.0","0","3.0","0","8.0","0","5.0","0","3.0","0","4.0","0","3.0","0","2.0","0","3.0","0","3.0","0","2.0","0","3.0","0","3.0","0","3.0","0","7.0","0","4.0","0","46.0","0","3.0","0","3.0","0","2.0","0","8.0","0","3.0","0","3.0","0","1.0","0","3.0","0","4.0","0","2.0","0","2.0","0","8.0","0","2.0","0","6.0","0","5.0","0","2.0","0","3.0","0","2.0","0","7.0","0.03333333","3.0","0","2.0","0","5.0","0","3.0","0","2.0","0","5.0","0","2.0","0","5.0","0","3.0","0","6.0","0","2.0","0","3.0","0","2.0","0","3.0","0","2.0","0","2.0","0","9.0","0","1.0","0","2.0","0","3.0","0","4.0","0.03623188","4.0","0","2.0","0","2.0","0","2.0","0","3.0","0","8.0","0","2.0","0","4.0","0.06060606","2.0","0","3.0","0","4.0","0","5.0","0","2.0","0","5.0","0.04761905","2.0","0","2.0","0","4.0","0","4.0","0","2.0","0","3.0","0","2.0","0","6.0","0","5.0","0.04761905","4.0","0","1.0","0","3.0","0","3.0","0","3.0","0","6.0","0","6.0","0","2.0","0","3.0","0.1","5.0","0","2.0","0","4.0","0","4.0","0","4.0","0","2.0","0","4.0","0","3.0","0","3.0","0","4.0","0","2.0","0","5.0","0","1.0","0","4.0","0","2.0","0.1333333","6.0","0","1.0","0","5.0","0","1.0","0","9.0","0.1028369","0.0","0","1.0","0","36.0","0.04892206","55.0","0","33.0","0","1.0","0","28.0","0.02263374","1.0","0","66.0","0.01507321","4.0","0","1.0","0","2.0","0","1.0","0","1.0","0","1.0","0","3.0","0","1.0","0","1.0","0","1.0","0","3.0","0","1.0","0","3.0","0","1.0","0","3.0","0","1.0","0","0.0","","0.0","","0.0","","0.0","","0.0","","0.0","","0.0","","0.0","","0.0","","0.0","","0.0","","0.0","","0.0","","0.0","","0.0","","0.0","","0.0","","0.0","","0.0","","0.0","","0.0","","0.0","","0.0","","0.0","","0.0","","0.0","","0.0","","0.0","","0.0","","0.0","","0.0","","0.0","","0.0","","0.0","","0.0","","0.0","","0.0","","0.0","","0.0","","0.0","","0.0","","0.0","","0.0","","0.0","","0.0","","0.0","","0.0","","0.0","","0.0","","0.0","","0.0","","0.0","","0.0","","0.0","","0.0","","0.0","","0.0","","0.0"
"6","0.4608445","0.5696264","0.06682710107367641","4.878378378378378","6.0","0","5.0","0","2.0","0","3.0","0.04285714","2.0","0","3.0","0","2.0","0","3.0","0","5.0","0","2.0","0","2.0","0","3.0","0","8.0","0","5.0","0","3.0","0","4.0","0","3.0","0","2.0","0","3.0","0","3.0","0","2.0","0","3.0","0","3.0","0","3.0","0","7.0","0","4.0","0","46.0","0","3.0","0","3.0","0","2.0","0","8.0","0","3.0","0","3.0","0","1.0","0","3.0","0","4.0","0","2.0","0","2.0","0","8.0","0","2.0","0","6.0","0","5.0","0","2.0","0","3.0","0","2.0","0","7.0","0.03039514","3.0","0","2.0","0","5.0","0","3.0","0","2.0","0","5.0","0","2.0","0","5.0","0","3.0","0","6.0","0","2.0","0","3.0","0","2.0","0","4.0","0.03896104","2.0","0","2.0","0","9.0","0","1.0","0","2.0","0","3.0","0","4.0","0.03174603","4.0","0","2.0","0","2.0","0","2.0","0","3.0","0","8.0","0","2.0","0","4.0","0.05494505","2.0","0","3.0","0","4.0","0","5.0","0","2.0","0","5.0","0.04329004","2.0","0","2.0","0","4.0","0","4.0","0","2.0","0","3.0","0","2.0","0","6.0","0","5.0","0.04329004","4.0","0","1.0","0","3.0","0","3.0","0","3.0","0","6.0","0","6.0","0","2.0","0","3.0","0.09523810","5.0","0","2.0","0","4.0","0","4.0","0","5.0","0.02955665","2.0","0","4.0","0","3.0","0","3.0","0","4.0","0","2.0","0","5.0","0","1.0","0","4.0","0","2.0","0.1190476","6.0","0","1.0","0","5.0","0","1.0","0","11.0","0.1182266","0.0","0","1.0","0","38.0","0.05140466","55.0","0","33.0","0","1.0","0","30.0","0.02976190","1.0","0","67.0","0.01573317","4.0","0","1.0","0","2.0","0","1.0","0","1.0","0","1.0","0","3.0","0","1.0","0","1.0","0","1.0","0","3.0","0","1.0","0","3.0","0","1.0","0","3.0","0","1.0","0","4.0","0","1.0","0","3.0","0","1.0","0","0.0","","0.0","","0.0","","0.0","","0.0","","0.0","","0.0","","0.0","","0.0","","0.0","","0.0","","0.0","","0.0","","0.0","","0.0","","0.0","","0.0","","0.0","","0.0","","0.0","","0.0","","0.0","","0.0","","0.0","","0.0","","0.0","","0.0","","0.0","","0.0","","0.0","","0.0","","0.0","","0.0","","0.0","","0.0","","0.0","","0.0","","0.0","","0.0","","0.0","","0.0","","0.0","","0.0","","0.0","","0.0","","0.0","","0.0","","0.0","","0.0","","0.0","","0.0","","0.0","","0.0","","0.0"
"7","0.4603112","0.5766887","0.0643859649122807","4.828947368421052","6.0","0","5.0","0","2.0","0","3.0","0.03804348","2.0","0","3.0","0","2.0","0","3.0","0","5.0","0","2.0","0","2.0","0","3.0","0","8.0","0","5.0","0","3.0","0","4.0","0","3.0","0","2.0","0","3.0","0","3.0","0","2.0","0","3.0","0","3.0","0","3.0","0","7.0","0","4.0","0","46.0","0","3.0","0","3.0","0","2.0","0","8.0","0","3.0","0","3.0","0","1.0","0","3.0","0","4.0","0","2.0","0","2.0","0","8.0","0","2.0","0","6.0","0","5.0","0","2.0","0","3.0","0","2.0","0","7.0","0.02777778","3.0","0","2.0","0","5.0","0","3.0","0","2.0","0","5.0","0","2.0","0","5.0","0","3.0","0","6.0","0","2.0","0","3.0","0","2.0","0","4.0","0.05769231","2.0","0","2.0","0","9.0","0","1.0","0","2.0","0","3.0","0","4.0","0.02822581","4.0","0","2.0","0","2.0","0","2.0","0","3.0","0","8.0","0","2.0","0","4.0","0.05","2.0","0","3.0","0","4.0","0","5.0","0","2.0","0","5.0","0.03947368","2.0","0","2.0","0","4.0","0","4.0","0","2.0","0","3.0","0","2.0","0","6.0","0","5.0","0.03947368","4.0","0","1.0","0","3.0","0","3.0","0","3.0","0","6.0","0","6.0","0","2.0","0","3.0","0.08928571","5.0","0","2.0","0","4.0","0","4.0","0","5.0","0.04411765","2.0","0","4.0","0","3.0","0","3.0","0","4.0","0","2.0","0","5.0","0","1.0","0","4.0","0","2.0","0.1071429","6.0","0","1.0","0","5.0","0","1.0","0","11.0","0.1213768","0.0","0","1.0","0","40.0","0.05689964","55.0","0","33.0","0","1.0","0","31.0","0.03643498","1.0","0","68.0","0.01724138","6.0","0.05714286","1.0","0","2.0","0","1.0","0","1.0","0","1.0","0","3.0","0","1.0","0","1.0","0","1.0","0","3.0","0","1.0","0","3.0","0","1.0","0","3.0","0","1.0","0","4.0","0","1.0","0","3.0","0","1.0","0","2.0","0","1.0","0","2.0","0","1.0","0","0.0","","0.0","","0.0","","0.0","","0.0","","0.0","","0.0","","0.0","","0.0","","0.0","","0.0","","0.0","","0.0","","0.0","","0.0","","0.0","","0.0","","0.0","","0.0","","0.0","","0.0","","0.0","","0.0","","0.0","","0.0","","0.0","","0.0","","0.0","","0.0","","0.0","","0.0","","0.0","","0.0","","0.0","","0.0","","0.0","","0.0","","0.0","","0.0","","0.0","","0.0","","0.0","","0.0","","0.0","","0.0","","0.0","","0.0","","0.0","","0.0","","0.0"
"8","0.4589474","0.5852632","0.060126582278481014","4.75","6.0","0","5.0","0","2.0","0","3.0","0.03418803","2.0","0","3.0","0","2.0","0","3.0","0","5.0","0","2.0","0","2.0","0","3.0","0","8.0","0","5.0","0","3.0","0","4.0","0","3.0","0","2.0","0","3.0","0","3.0","0","2.0","0","3.0","0","3.0","0","3.0","0","7.0","0","4.0","0","46.0","0","3.0","0","3.0","0","2.0","0","8.0","0","3.0","0","3.0","0","1.0","0","3.0","0","4.0","0","2.0","0","2.0","0","8.0","0","2.0","0","7.0","0.01616162","5.0","0","2.0","0","3.0","0","2.0","0","7.0","0.02550091","3.0","0","2.0","0","5.0","0","3.0","0","2.0","0","5.0","0","2.0","0","5.0","0","3.0","0","6.0","0","2.0","0","3.0","0","2.0","0","4.0","0.06666667","2.0","0","2.0","0","9.0","0","1.0","0","2.0","0","3.0","0","4.0","0.02539683","4.0","0","2.0","0","2.0","0","2.0","0","3.0","0","8.0","0","2.0","0","4.0","0.04575163","2.0","0","4.0","0.03174603","4.0","0","5.0","0","2.0","0","5.0","0.03617571","2.0","0","2.0","0","4.0","0","4.0","0","2.0","0","3.0","0","2.0","0","6.0","0","5.0","0.03617571","4.0","0","1.0","0","3.0","0","4.0","0.03174603","3.0","0","6.0","0","6.0","0","2.0","0","3.0","0.08333333","5.0","0","2.0","0","4.0","0","4.0","0","5.0","0.05128205","2.0","0","4.0","0","3.0","0","3.0","0","4.0","0","2.0","0","5.0","0","1.0","0","4.0","0","2.0","0.09722222","6.0","0","1.0","0","5.0","0","1.0","0","13.0","0.1382114","0.0","0","1.0","0","44.0","0.06879945","55.0","0","33.0","0","1.0","0","32.0","0.04270153","1.0","0","70.0","0.02064565","6.0","0.08333333","1.0","0","2.0","0","1.0","0","1.0","0","1.0","0","3.0","0","1.0","0","1.0","0","1.0","0","3.0","0","1.0","0","3.0","0","1.0","0","3.0","0","1.0","0","4.0","0","2.0","0.1666667","3.0","0","1.0","0","2.0","0","1.0","0","2.0","0","1.0","0","3.0","0","1.0","0","2.0","0","1.0","0","2.0","0","1.0","0","2.0","0","1.0","0","0.0","","0.0","","0.0","","0.0","","0.0","","0.0","","0.0","","0.0","","0.0","","0.0","","0.0","","0.0","","0.0","","0.0","","0.0","","0.0","","0.0","","0.0","","0.0","","0.0","","0.0","","0.0","","0.0","","0.0","","0.0","","0.0","","0.0","","0.0","","0.0","","0.0","","0.0","","0.0","","0.0","","0.0","","0.0","","0.0","","0.0","","0.0","","0.0","","0.0","","0.0","","0.0"
"9","0.4589474","0.5852632","0.060126582278481014","4.75","6.0","0","5.0","0","2.0","0","3.0","0.03103448","2.0","0","3.0","0","2.0","0","3.0","0","5.0","0","2.0","0","2.0","0","3.0","0","8.0","0","5.0","0","3.0","0","4.0","0","3.0","0","2.0","0","3.0","0","3.0","0","2.0","0","3.0","0","3.0","0","3.0","0","7.0","0","4.0","0","46.0","0","3.0","0","3.0","0","2.0","0","8.0","0","3.0","0","3.0","0","1.0","0","3.0","0","4.0","0","2.0","0","2.0","0","8.0","0","2.0","0","7.0","0.02580645","5.0","0","2.0","0","3.0","0","2.0","0","7.0","0.02352941","3.0","0","2.0","0","5.0","0","3.0","0","2.0","0","5.0","0","2.0","0","5.0","0","3.0","0","6.0","0","2.0","0","3.0","0","2.0","0","4.0","0.07058824","2.0","0","2.0","0","9.0","0","1.0","0","2.0","0","3.0","0","4.0","0.02307692","4.0","0","2.0","0","2.0","0","2.0","0","3.0","0","8.0","0","2.0","0","4.0","0.04210526","2.0","0","4.0","0.05","4.0","0","5.0","0","2.0","0","5.0","0.03333333","2.0","0","2.0","0","4.0","0","4.0","0","2.0","0","3.0","0","2.0","0","6.0","0","5.0","0.03333333","4.0","0","1.0","0","3.0","0","4.0","0.05","3.0","0","6.0","0","6.0","0","2.0","0","3.0","0.07777778","5.0","0","2.0","0","4.0","0","4.0","0","5.0","0.05454545","2.0","0","4.0","0","3.0","0","3.0","0","4.0","0","2.0","0","5.0","0","1.0","0","4.0","0","2.0","0.08888889","6.0","0","1.0","0","5.0","0","1.0","0","13.0","0.1442105","0.0","0","1.0","0","44.0","0.07438692","55.0","0","33.0","0","1.0","0","32.0","0.04564460","1.0","0","70.0","0.02235650","6.0","0.09523810","1.0","0","2.0","0","1.0","0","1.0","0","1.0","0","3.0","0","1.0","0","1.0","0","1.0","0","3.0","0","1.0","0","3.0","0","1.0","0","3.0","0","1.0","0","4.0","0","2.0","0.1666667","3.0","0","1.0","0","2.0","0","1.0","0","2.0","0","1.0","0","3.0","0","1.0","0","2.0","0","1.0","0","2.0","0","1.0","0","2.0","0","1.0","0","0.0","","0.0","","0.0","","0.0","","0.0","","0.0","","0.0","","0.0","","0.0","","0.0","","0.0","","0.0","","0.0","","0.0","","0.0","","0.0","","0.0","","0.0","","0.0","","0.0","","0.0","","0.0","","0.0","","0.0","","0.0","","0.0","","0.0","","0.0","","0.0","","0.0","","0.0","","0.0","","0.0","","0.0","","0.0","","0.0","","0.0","","0.0","","0.0","","0.0","","0.0","","0.0"
"10","0.4525314","0.5934120","0.05744930943285336","4.710843373493976","6.0","0","5.0","0","2.0","0","3.0","0.02840909","2.0","0","3.0","0","2.0","0","4.0","0.02673797","5.0","0","2.0","0","2.0","0","3.0","0","8.0","0","5.0","0","3.0","0","4.0","0","3.0","0","2.0","0","3.0","0","3.0","0","2.0","0","3.0","0","3.0","0","3.0","0","7.0","0","5.0","0.02020202","46.0","0","3.0","0","3.0","0","2.0","0","8.0","0","3.0","0","3.0","0","1.0","0","3.0","0","4.0","0","2.0","0","2.0","0","8.0","0","2.0","0","7.0","0.03162055","5.0","0","2.0","0","3.0","0","2.0","0","7.0","0.02181818","3.0","0","2.0","0","5.0","0","3.0","0","2.0","0","5.0","0","2.0","0","5.0","0","3.0","0","6.0","0","2.0","0","3.0","0","2.0","0","4.0","0.07177033","2.0","0","2.0","0","9.0","0","1.0","0","2.0","0","3.0","0","4.0","0.02114165","4.0","0","2.0","0","2.0","0","2.0","0","3.0","0","8.0","0","2.0","0","4.0","0.03896104","2.0","0","4.0","0.06060606","4.0","0","5.0","0","2.0","0","5.0","0.03087479","2.0","0","2.0","0","4.0","0","4.0","0","2.0","0","3.0","0","2.0","0","6.0","0","5.0","0.03087479","4.0","0","1.0","0","3.0","0","4.0","0.06060606","3.0","0","6.0","0","6.0","0","2.0","0","3.0","0.07272727","5.0","0","2.0","0","4.0","0","4.0","0","5.0","0.05565863","2.0","0","4.0","0","3.0","0","3.0","0","4.0","0","2.0","0","5.0","0","1.0","0","4.0","0","2.0","0.08181818","6.0","0","1.0","0","5.0","0","1.0","0","15.0","0.1586777","0.0","0","1.0","0","47.0","0.08256478","55.0","0","33.0","0","1.0","0","34.0","0.05210988","1.0","0","71.0","0.02430857","6.0","0.1","1.0","0","2.0","0","1.0","0","2.0","0.08888889","1.0","0","3.0","0","1.0","0","1.0","0","1.0","0","3.0","0","1.0","0","3.0","0","1.0","0","3.0","0","1.0","0","4.0","0","2.0","0.15","3.0","0","1.0","0","2.0","0","1.0","0","2.0","0","1.0","0","3.0","0","1.0","0","2.0","0","1.0","0","2.0","0","1.0","0","2.0","0","1.0","0","3.0","0","1.0","0","3.0","0","1.0","0","2.0","0","1.0","0","0.0","","0.0","","0.0","","0.0","","0.0","","0.0","","0.0","","0.0","","0.0","","0.0","","0.0","","0.0","","0.0","","0.0","","0.0","","0.0","","0.0","","0.0","","0.0","","0.0","","0.0","","0.0","","0.0","","0.0","","0.0","","0.0","","0.0","","0.0","","0.0","","0.0","","0.0","","0.0","","0.0","","0.0","","0.0","","0.0"
"11","0.4514745","0.5960841","0.05651176133103844","4.690476190476191","6.0","0","5.0","0","2.0","0","3.0","0.02619048","2.0","0","3.0","0","2.0","0","4.0","0.04385965","5.0","0","2.0","0","2.0","0","3.0","0","8.0","0","5.0","0","3.0","0","4.0","0","3.0","0","2.0","0","3.0","0","3.0","0","2.0","0","3.0","0","3.0","0","3.0","0","7.0","0","5.0","0.03333333","46.0","0","3.0","0","3.0","0","2.0","0","8.0","0","3.0","0","4.0","0.02477477","1.0","0","3.0","0","4.0","0","2.0","0","2.0","0","8.0","0","2.0","0","7.0","0.03508772","5.0","0","2.0","0","3.0","0","2.0","0","7.0","0.02032520","3.0","0","2.0","0","5.0","0","3.0","0","2.0","0","5.0","0","2.0","0","5.0","0","3.0","0","6.0","0","2.0","0","3.0","0","2.0","0","4.0","0.07142857","2.0","0","2.0","0","9.0","0","1.0","0","2.0","0","3.0","0","4.0","0.01950355","4.0","0","2.0","0","2.0","0","2.0","0","3.0","0","8.0","0","2.0","0","4.0","0.03623188","2.0","0","4.0","0.06666667","4.0","0","5.0","0","2.0","0","5.0","0.02873563","2.0","0","2.0","0","4.0","0","4.0","0","2.0","0","3.0","0","2.0","0","6.0","0","5.0","0.02873563","4.0","0","1.0","0","3.0","0","4.0","0.06666667","3.0","0","6.0","0","6.0","0","2.0","0","3.0","0.06818182","5.0","0","2.0","0","4.0","0","4.0","0","5.0","0.05555556","2.0","0","4.0","0","3.0","0","3.0","0","4.0","0","2.0","0","5.0","0","1.0","0","4.0","0","2.0","0.07575758","6.0","0","1.0","0","5.0","0","1.0","0","15.0","0.1646667","0.0","0","1.0","0","48.0","0.08838384","55.0","0","33.0","0","1.0","0","35.0","0.05805243","1.0","0","71.0","0.02529022","6.0","0.1010101","1.0","0","2.0","0","1.0","0","2.0","0.1333333","1.0","0","3.0","0","1.0","0","1.0","0","1.0","0","3.0","0","1.0","0","3.0","0","1.0","0","3.0","0","1.0","0","4.0","0","2.0","0.1333333","3.0","0","1.0","0","2.0","0","1.0","0","2.0","0","1.0","0","3.0","0","1.0","0","2.0","0","1.0","0","2.0","0","1.0","0","2.0","0","1.0","0","3.0","0","1.0","0","3.0","0","1.0","0","2.0","0","1.0","0","2.0","0","1.0","0","0.0","","0.0","","0.0","","0.0","","0.0","","0.0","","0.0","","0.0","","0.0","","0.0","","0.0","","0.0","","0.0","","0.0","","0.0","","0.0","","0.0","","0.0","","0.0","","0.0","","0.0","","0.0","","0.0","","0.0","","0.0","","0.0","","0.0","","0.0","","0.0","","0.0","","0.0","","0.0","","0.0","","0.0"
"12","0.4514745","0.5960841","0.05651176133103844","4.690476190476191","6.0","0","5.0","0","2.0","0","3.0","0.02429150","2.0","0","3.0","0","2.0","0","4.0","0.05494505","5.0","0","2.0","0","2.0","0","3.0","0","8.0","0","5.0","0","3.0","0","4.0","0","3.0","0","2.0","0","3.0","0","3.0","0","2.0","0","3.0","0","3.0","0","3.0","0","7.0","0","5.0","0.04195804","46.0","0","3.0","0","3.0","0","2.0","0","8.0","0","3.0","0","4.0","0.04127580","1.0","0","3.0","0","4.0","0","2.0","0","2.0","0","8.0","0","2.0","0","7.0","0.03707136","5.0","0","2.0","0","3.0","0","2.0","0","7.0","0.01901469","3.0","0","2.0","0","5.0","0","3.0","0","2.0","0","5.0","0","2.0","0","5.0","0","3.0","0","6.0","0","2.0","0","3.0","0","2.0","0","4.0","0.07023411","2.0","0","2.0","0","9.0","0","1.0","0","2.0","0","3.0","0","4.0","0.01809955","4.0","0","2.0","0","2.0","0","2.0","0","3.0","0","8.0","0","2.0","0","4.0","0.03384615","2.0","0","4.0","0.06993007","4.0","0","5.0","0","2.0","0","5.0","0.02686203","2.0","0","2.0","0","4.0","0","4.0","0","2.0","0","3.0","0","2.0","0","6.0","0","5.0","0.02686203","4.0","0","1.0","0","3.0","0","4.0","0.06993007","3.0","0","6.0","0","6.0","0","2.0","0","3.0","0.06410256","5.0","0","2.0","0","4.0","0","4.0","0","5.0","0.05475880","2.0","0","4.0","0","3.0","0","3.0","0","4.0","0","2.0","0","5.0","0","1.0","0","4.0","0","2.0","0.07051282","6.0","0","1.0","0","5.0","0","1.0","0","15.0","0.1659341","0.0","0","1.0","0","48.0","0.09110106","55.0","0","33.0","0","1.0","0","35.0","0.06138107","1.0","0","71.0","0.02567033","6.0","0.1","1.0","0","2.0","0","1.0","0","2.0","0.1558442","1.0","0","3.0","0","1.0","0","1.0","0","1.0","0","3.0","0","1.0","0","3.0","0","1.0","0","3.0","0","1.0","0","4.0","0","2.0","0.1190476","3.0","0","1.0","0","2.0","0","1.0","0","2.0","0","1.0","0","3.0","0","1.0","0","2.0","0","1.0","0","2.0","0","1.0","0","2.0","0","1.0","0","3.0","0","1.0","0","3.0","0","1.0","0","2.0","0","1.0","0","2.0","0","1.0","0","0.0","","0.0","","0.0","","0.0","","0.0","","0.0","","0.0","","0.0","","0.0","","0.0","","0.0","","0.0","","0.0","","0.0","","0.0","","0.0","","0.0","","0.0","","0.0","","0.0","","0.0","","0.0","","0.0","","0.0","","0.0","","0.0","","0.0","","0.0","","0.0","","0.0","","0.0","","0.0","","0.0","","0.0"
"13","0.4491332","0.5986665","0.05560224089635854","4.670588235294118","6.0","0","5.0","0","2.0","0","3.0","0.02264808","2.0","0","3.0","0","2.0","0","4.0","0.06211180","5.0","0","2.0","0","2.0","0","3.0","0","8.0","0","5.0","0","3.0","0","4.0","0","3.0","0","2.0","0","3.0","0","3.0","0","2.0","0","3.0","0","3.0","0","3.0","0","7.0","0","5.0","0.04761905","46.0","0","3.0","0","3.0","0","2.0","0","8.0","0","3.0","0","4.0","0.05238095","1.0","0","3.0","0","4.0","0","2.0","0","2.0","0","8.0","0","2.0","0","7.0","0.03809524","5.0","0","2.0","0","3.0","0","2.0","0","7.0","0.01785714","3.0","0","2.0","0","5.0","0","3.0","0","2.0","0","5.0","0","2.0","0","5.0","0","3.0","0","6.0","0","2.0","0","3.0","0","2.0","0","4.0","0.06857143","2.0","0","2.0","0","9.0","0","1.0","0","2.0","0","3.0","0","4.0","0.01688312","4.0","0","2.0","0","2.0","0","2.0","0","3.0","0","8.0","0","2.0","0","4.0","0.03174603","2.0","0","4.0","0.07142857","4.0","0","5.0","0","2.0","0","5.0","0.02521008","2.0","0","2.0","0","4.0","0","4.0","0","2.0","0","3.0","0","2.0","0","6.0","0","5.0","0.02521008","4.0","0","1.0","0","3.0","0","4.0","0.07142857","3.0","0","6.0","0","6.0","0","2.0","0","3.0","0.06043956","5.0","0","2.0","0","4.0","0","4.0","0","5.0","0.05357143","2.0","0","4.0","0","3.0","0","3.0","0","4.0","0","2.0","0","5.0","0","1.0","0","4.0","0","2.0","0.06593407","6.0","0","1.0","0","5.0","0","1.0","0","15.0","0.1645161","0.0","0","1.0","0","49.0","0.09340659","55.0","0","33.0","0","1.0","0","36.0","0.06507193","1.0","0","71.0","0.02567200","6.0","0.09790210","1.0","0","2.0","0","1.0","0","2.0","0.1666667","1.0","0","3.0","0","1.0","0","1.0","0","1.0","0","3.0","0","1.0","0","3.0","0","1.0","0","3.0","0","1.0","0","4.0","0","2.0","0.1071429","3.0","0","1.0","0","2.0","0","1.0","0","2.0","0","1.0","0","3.0","0","1.0","0","2.0","0","1.0","0","3.0","0.06410256","1.0","0","2.0","0","1.0","0","3.0","0","1.0","0","3.0","0","1.0","0","2.0","0","1.0","0","2.0","0","1.0","0","2.0","0","1.0","0","0.0","","0.0","","0.0","","0.0","","0.0","","0.0","","0.0","","0.0","","0.0","","0.0","","0.0","","0.0","","0.0","","0.0","","0.0","","0.0","","0.0","","0.0","","0.0","","0.0","","0.0","","0.0","","0.0","","0.0","","0.0","","0.0","","0.0","","0.0","","0.0","","0.0","","0.0","","0.0"
"14","0.4480369","0.5987647","0.054856361149110806","4.662790697674419","6.0","0","5.0","0","2.0","0","3.0","0.02121212","2.0","0","3.0","0","2.0","0","4.0","0.06666667","5.0","0","2.0","0","2.0","0","3.0","0","8.0","0","5.0","0","3.0","0","4.0","0","3.0","0","2.0","0","3.0","0","3.0","0","2.0","0","3.0","0","3.0","0","3.0","0","7.0","0","5.0","0.05128205","46.0","0","3.0","0","3.0","0","2.0","0","8.0","0","3.0","0","4.0","0.05986395","1.0","0","3.0","0","4.0","0","2.0","0","2.0","0","8.0","0","2.0","0","7.0","0.03848797","5.0","0","2.0","0","3.0","0","2.0","0","7.0","0.01682848","3.0","0","2.0","0","5.0","0","3.0","0","2.0","0","5.0","0","2.0","0","5.0","0","3.0","0","6.0","0","2.0","0","3.0","0","2.0","0","4.0","0.06666667","2.0","0","2.0","0","9.0","0","1.0","0","2.0","0","3.0","0","4.0","0.01581921","4.0","0","2.0","0","2.0","0","2.0","0","3.0","0","8.0","0","2.0","0","4.0","0.02988506","2.0","0","4.0","0.07179487","4.0","0","5.0","0","2.0","0","5.0","0.02374429","2.0","0","2.0","0","4.0","0","4.0","0","2.0","0","3.0","0","2.0","0","6.0","0","5.0","0.02374429","4.0","0","1.0","0","3.0","0","4.0","0.07179487","3.0","0","6.0","0","6.0","0","2.0","0","3.0","0.05714286","5.0","0","2.0","0","4.0","0","4.0","0","5.0","0.05217391","2.0","0","4.0","0","3.0","0","3.0","0","4.0","0","2.0","0","5.0","0","1.0","0","4.0","0","2.0","0.06190476","6.0","0","1.0","0","5.0","0","1.0","0","16.0","0.1660819","0.0","0","1.0","0","50.0","0.09545703","55.0","0","33.0","0","1.0","0","37.0","0.06896552","1.0","0","71.0","0.02543428","6.0","0.09523810","1.0","0","2.0","0","1.0","0","2.0","0.1709402","1.0","0","3.0","0","1.0","0","1.0","0","2.0","0.06593407","3.0","0","1.0","0","3.0","0","1.0","0","3.0","0","1.0","0","4.0","0","2.0","0.09722222","3.0","0","1.0","0","2.0","0","1.0","0","2.0","0","1.0","0","3.0","0","1.0","0","2.0","0","1.0","0","3.0","0.08928571","1.0","0","2.0","0","1.0","0","3.0","0","1.0","0","3.0","0","1.0","0","2.0","0","1.0","0","2.0","0","1.0","0","2.0","0","1.0","0","3.0","0","1.0","0","0.0","","0.0","","0.0","","0.0","","0.0","","0.0","","0.0","","0.0","","0.0","","0.0","","0.0","","0.0","","0.0","","0.0","","0.0","","0.0","","0.0","","0.0","","0.0","","0.0","","0.0","","0.0","","0.0","","0.0","","0.0","","0.0","","0.0","","0.0","","0.0","","0.0"
"15","0.4411072","0.6059194","0.052349336057201226","4.606741573033708","6.0","0","5.0","0","3.0","0.02840909","3.0","0.01994681","2.0","0","3.0","0","2.0","0","4.0","0.06944444","5.0","0","2.0","0","2.0","0","3.0","0","8.0","0","5.0","0","3.0","0","4.0","0","3.0","0","2.0","0","3.0","0","3.0","0","3.0","0.02840909","3.0","0","3.0","0","3.0","0","7.0","0","5.0","0.05357143","46.0","0","3.0","0","3.0","0","2.0","0","8.0","0","3.0","0","4.0","0.06485849","1.0","0","3.0","0","4.0","0","2.0","0","2.0","0","8.0","0","2.0","0","7.0","0.03846154","5.0","0","3.0","0.02840909","3.0","0","2.0","0","7.0","0.01590909","3.0","0","2.0","0","5.0","0","3.0","0","2.0","0","5.0","0","2.0","0","5.0","0","3.0","0","6.0","0","2.0","0","3.0","0","2.0","0","4.0","0.06465517","2.0","0","2.0","0","9.0","0","1.0","0","2.0","0","3.0","0","4.0","0.01488095","4.0","0","2.0","0","2.0","0","2.0","0","3.0","0","8.0","0","2.0","0","4.0","0.02822581","2.0","0","4.0","0.07142857","4.0","0","5.0","0","2.0","0","5.0","0.02243590","2.0","0","2.0","0","4.0","0","4.0","0","2.0","0","3.0","0","2.0","0","6.0","0","5.0","0.02243590","4.0","0","1.0","0","3.0","0","4.0","0.07142857","3.0","0","6.0","0","6.0","0","2.0","0","3.0","0.05416667","5.0","0","2.0","0","4.0","0","4.0","0","5.0","0.05067568","2.0","0","4.0","0","3.0","0","3.0","0","4.0","0","2.0","0","5.0","0","1.0","0","4.0","0","2.0","0.05833333","6.0","0","1.0","0","5.0","0","1.0","0","16.0","0.1654412","0.0","0","1.0","0","53.0","0.09988671","55.0","0","33.0","0","1.0","0","40.0","0.07638889","1.0","0","71.0","0.02504596","6.0","0.09230769","1.0","0","2.0","0","1.0","0","2.0","0.1714286","1.0","0","3.0","0","1.0","0","1.0","0","2.0","0.1071429","3.0","0","1.0","0","3.0","0","1.0","0","3.0","0","1.0","0","4.0","0","2.0","0.08888889","3.0","0","1.0","0","2.0","0","1.0","0","2.0","0","1.0","0","3.0","0","1.0","0","2.0","0","1.0","0","3.0","0.09868421","1.0","0","2.0","0","1.0","0","3.0","0","1.0","0","3.0","0","1.0","0","2.0","0","1.0","0","2.0","0","1.0","0","2.0","0","1.0","0","3.0","0","1.0","0","2.0","0","1.0","0","2.0","0","1.0","0","2.0","0","1.0","0","0.0","","0.0","","0.0","","0.0","","0.0","","0.0","","0.0","","0.0","","0.0","","0.0","","0.0","","0.0","","0.0","","0.0","","0.0","","0.0","","0.0","","0.0","","0.0","","0.0","","0.0","","0.0","","0.0","","0.0"
"16","0.4394548","0.6104184","0.050793650793650794","4.571428571428571","6.0","0","5.0","0","3.0","0.04901961","3.0","0.01882353","2.0","0","3.0","0","2.0","0","4.0","0.07099391","5.0","0","2.0","0","2.0","0","3.0","0","8.0","0","5.0","0","3.0","0","4.0","0","3.0","0","2.0","0","3.0","0","3.0","0","3.0","0.04901961","3.0","0","3.0","0","3.0","0","7.0","0","5.0","0.05490196","46.0","0","3.0","0","3.0","0","2.0","0","8.0","0","3.0","0","4.0","0.06811146","1.0","0","3.0","0","4.0","0","2.0","0","2.0","0","8.0","0","2.0","0","7.0","0.03815580","5.0","0","3.0","0.04901961","3.0","0","2.0","0","7.0","0.01508296","3.0","0","2.0","0","5.0","0","3.0","0","2.0","0","5.0","0","2.0","0","5.0","0","3.0","0","6.0","0","2.0","0","3.0","0","2.0","0","4.0","0.06261860","2.0","0","2.0","0","9.0","0","1.0","0","2.0","0","3.0","0","4.0","0.01404741","4.0","0","2.0","0","2.0","0","2.0","0","3.0","0","8.0","0","2.0","0","4.0","0.02673797","2.0","0","4.0","0.07058824","4.0","0","5.0","0","2.0","0","5.0","0.02126152","2.0","0","2.0","0","4.0","0","4.0","0","2.0","0","3.0","0","2.0","0","6.0","0","5.0","0.02126152","4.0","0","1.0","0","3.0","0","4.0","0.07058824","3.0","0","6.0","0","6.0","0","2.0","0","3.0","0.05147059","5.0","0","3.0","0.02689076","4.0","0","4.0","0","5.0","0.04914371","2.0","0","4.0","0","3.0","0","3.0","0","4.0","0","2.0","0","5.0","0","1.0","0","4.0","0","2.0","0.05514706","6.0","0","1.0","0","5.0","0","1.0","0","16.0","0.1634309","0.0","0","1.0","0","55.0","0.1046846","55.0","0","33.0","0","1.0","0","41.0","0.08289261","1.0","0","72.0","0.02535497","6.0","0.08928571","1.0","0","2.0","0","1.0","0","2.0","0.1696970","1.0","0","3.0","0","1.0","0","1.0","0","2.0","0.1333333","3.0","0","1.0","0","3.0","0","1.0","0","3.0","0","1.0","0","4.0","0","2.0","0.08181818","3.0","0","1.0","0","2.0","0","1.0","0","2.0","0","1.0","0","3.0","0","1.0","0","2.0","0","1.0","0","3.0","0.1010101","1.0","0","2.0","0","1.0","0","3.0","0","1.0","0","3.0","0","1.0","0","2.0","0","1.0","0","2.0","0","1.0","0","2.0","0","1.0","0","3.0","0","1.0","0","2.0","0","1.0","0","2.0","0","1.0","0","2.0","0","1.0","0","4.0","0","1.0","0","1.0","0","1.0","0","0.0","","0.0","","0.0","","0.0","","0.0","","0.0","","0.0","","0.0","","0.0","","0.0","","0.0","","0.0","","0.0","","0.0","","0.0","","0.0","","0.0","","0.0","","0.0","","0.0"
"17","0.4384058","0.6103520","0.05016722408026756","4.565217391304348","6.0","0","5.0","0","3.0","0.06410256","3.0","0.01781971","2.0","0","3.0","0","2.0","0","4.0","0.07168459","5.0","0","2.0","0","2.0","0","3.0","0","8.0","0","5.0","0","3.0","0","4.0","0","3.0","0","2.0","0","3.0","0","3.0","0","3.0","0.06410256","3.0","0","3.0","0","3.0","0","7.0","0","5.0","0.05555556","46.0","0","3.0","0","3.0","0","2.0","0","8.0","0","3.0","0","4.0","0.07012750","1.0","0","3.0","0","4.0","0","2.0","0","2.0","0","8.0","0","2.0","0","7.0","0.03766478","5.0","0","3.0","0.06410256","3.0","0","2.0","0","7.0","0.01433692","3.0","0","2.0","0","5.0","0","3.0","0","2.0","0","5.0","0","2.0","0","5.0","0","3.0","0","6.0","0","2.0","0","3.0","0","2.0","0","4.0","0.06060606","2.0","0","2.0","0","9.0","0","1.0","0","2.0","0","3.0","0","4.0","0.01330203","4.0","0","2.0","0","2.0","0","2.0","0","3.0","0","8.0","0","2.0","0","4.0","0.02539683","2.0","0","4.0","0.06944444","4.0","0","5.0","0","2.0","0","5.0","0.02020202","2.0","0","2.0","0","4.0","0","4.0","0","2.0","0","3.0","0","2.0","0","6.0","0","5.0","0.02020202","4.0","0","1.0","0","3.0","0","4.0","0.06944444","3.0","0","6.0","0","6.0","0","2.0","0","3.0","0.04901961","5.0","0","3.0","0.04678363","4.0","0","4.0","0","5.0","0.04761905","2.0","0","4.0","0","3.0","0","3.0","0","4.0","0","2.0","0","5.0","0","1.0","0","4.0","0","2.0","0.05228758","6.0","0","1.0","0","5.0","0","1.0","0","17.0","0.1641414","0.0","0","1.0","0","56.0","0.1085957","55.0","0","33.0","0","1.0","0","42.0","0.08868067","1.0","0","72.0","0.02543290","6.0","0.08627451","1.0","0","2.0","0","1.0","0","2.0","0.1666667","1.0","0","3.0","0","1.0","0","1.0","0","2.0","0.15","3.0","0","1.0","0","3.0","0","1.0","0","3.0","0","1.0","0","4.0","0","2.0","0.07575758","3.0","0","1.0","0","2.0","0","1.0","0","2.0","0","1.0","0","3.0","0","1.0","0","2.0","0","1.0","0","3.0","0.1","1.0","0","2.0","0","1.0","0","3.0","0","1.0","0","3.0","0","1.0","0","2.0","0","2.0","0.09722222","2.0","0","1.0","0","2.0","0","1.0","0","3.0","0","1.0","0","2.0","0","1.0","0","2.0","0","1.0","0","2.0","0","1.0","0","4.0","0","1.0","0","1.0","0","1.0","0","3.0","0","1.0","0","0.0","","0.0","","0.0","","0.0","","0.0","","0.0","","0.0","","0.0","","0.0","","0.0","","0.0","","0.0","","0.0","","0.0","","0.0","","0.0","","0.0","","0.0"
"18","0.4369548","0.6133090","0.049555867227676485","4.559139784946237","6.0","0","5.0","0","3.0","0.07518797","3.0","0.01691729","2.0","0","3.0","0","2.0","0","4.0","0.07177033","5.0","0","2.0","0","2.0","0","3.0","0","8.0","0","5.0","0","3.0","0","4.0","0","3.0","0","2.0","0","3.0","0","3.0","0","3.0","0.07518797","3.0","0","3.0","0","3.0","0","7.0","0","5.0","0.05572755","46.0","0","3.0","0","3.0","0","2.0","0","8.0","0","3.0","0","4.0","0.07125506","1.0","0","3.0","0","4.0","0","2.0","0","2.0","0","8.0","0","2.0","0","7.0","0.03705263","5.0","0","3.0","0.07518797","3.0","0","2.0","0","7.0","0.01366010","3.0","0","2.0","0","5.0","0","3.0","0","2.0","0","5.0","0","2.0","0","5.0","0","3.0","0","6.0","0","2.0","0","3.0","0","2.0","0","4.0","0.05864662","2.0","0","2.0","0","9.0","0","1.0","0","2.0","0","3.0","0","4.0","0.01263158","4.0","0","2.0","0","2.0","0","2.0","0","3.0","0","8.0","0","2.0","0","4.0","0.02418208","2.0","0","4.0","0.06811146","4.0","0","5.0","0","2.0","0","5.0","0.01924165","2.0","0","2.0","0","4.0","0","4.0","0","2.0","0","3.0","0","2.0","0","6.0","0","5.0","0.01924165","4.0","0","1.0","0","3.0","0","4.0","0.06811146","3.0","0","6.0","0","6.0","0","2.0","0","3.0","0.04678363","5.0","0","3.0","0.06161746","4.0","0","4.0","0","5.0","0.04612655","2.0","0","4.0","0","3.0","0","3.0","0","4.0","0","2.0","0","5.0","0","1.0","0","4.0","0","2.0","0.04970760","7.0","0.008237986","1.0","0","5.0","0","1.0","0","17.0","0.1634466","0.0","0","1.0","0","57.0","0.1118580","55.0","0","33.0","0","1.0","0","43.0","0.09390142","1.0","0","73.0","0.02605364","6.0","0.08333333","1.0","0","2.0","0","1.0","0","2.0","0.1628959","1.0","0","3.0","0","1.0","0","1.0","0","2.0","0.1604278","3.0","0","1.0","0","3.0","0","1.0","0","3.0","0","1.0","0","4.0","0","2.0","0.07051282","3.0","0","1.0","0","2.0","0","1.0","0","2.0","0","1.0","0","3.0","0","1.0","0","2.0","0","1.0","0","3.0","0.09740260","1.0","0","2.0","0","1.0","0","3.0","0","1.0","0","3.0","0","1.0","0","2.0","0","2.0","0.1414141","2.0","0","1.0","0","2.0","0","1.0","0","3.0","0","1.0","0","2.0","0","1.0","0","2.0","0","1.0","0","2.0","0","1.0","0","4.0","0","1.0","0","1.0","0","1.0","0","3.0","0","1.0","0","3.0","0","1.0","0","0.0","","0.0","","0.0","","0.0","","0.0","","0.0","","0.0","","0.0","","0.0","","0.0","","0.0","","0.0","","0.0","","0.0","","0.0","","0.0"
"19","0.4363548","0.6163255","0.04837625979843225","4.5473684210526315","6.0","0","5.0","0","3.0","0.08333333","3.0","0.01610169","2.0","0","3.0","0","2.0","0","4.0","0.07142857","5.0","0","2.0","0","2.0","0","3.0","0","8.0","0","5.0","0","3.0","0","4.0","0","3.0","0","2.0","0","3.0","0","3.0","0","3.0","0.08333333","3.0","0","3.0","0","3.0","0","7.0","0","5.0","0.05555556","46.0","0","3.0","0","3.0","0","2.0","0","8.0","0","3.0","0","4.0","0.07173913","1.0","0","3.0","0","4.0","0","2.0","0","2.0","0","8.0","0","2.0","0","7.0","0.03636364","5.0","0","3.0","0.08333333","3.0","0","2.0","0","7.0","0.01304348","3.0","0","2.0","0","5.0","0","3.0","0","2.0","0","5.0","0","2.0","0","5.0","0","3.0","0","6.0","0","2.0","0","3.0","0","2.0","0","4.0","0.05675676","2.0","0","2.0","0","9.0","0","1.0","0","2.0","0","3.0","0","4.0","0.01202532","4.0","0","2.0","0","2.0","0","2.0","0","3.0","0","8.0","0","2.0","0","4.0","0.02307692","2.0","0","4.0","0.06666667","5.0","0.01172840","5.0","0","2.0","0","5.0","0.01836735","2.0","0","2.0","0","4.0","0","4.0","0","2.0","0","3.0","0","2.0","0","6.0","0","5.0","0.01836735","4.0","0","1.0","0","3.0","0","4.0","0.06666667","3.0","0","6.0","0","6.0","0","2.0","0","3.0","0.04473684","5.0","0","3.0","0.07272727","4.0","0","4.0","0","5.0","0.04468085","2.0","0","4.0","0","3.0","0","3.0","0","4.0","0","2.0","0","5.0","0","1.0","0","4.0","0","2.0","0.04736842","7.0","0.01475410","1.0","0","5.0","0","1.0","0","19.0","0.1679688","0.0","0","1.0","0","59.0","0.1155793","55.0","0","33.0","0","1.0","0","44.0","0.09866469","1.0","0","74.0","0.02708484","6.0","0.08049536","1.0","0","2.0","0","1.0","0","2.0","0.1587302","1.0","0","3.0","0","1.0","0","1.0","0","2.0","0.1666667","3.0","0","1.0","0","3.0","0","1.0","0","3.0","0","1.0","0","4.0","0","2.0","0.06593407","3.0","0","1.0","0","2.0","0","1.0","0","2.0","0","1.0","0","3.0","0","1.0","0","2.0","0","1.0","0","3.0","0.09408602","1.0","0","2.0","0","1.0","0","3.0","0","1.0","0","3.0","0","1.0","0","2.0","0","3.0","0.2142857","2.0","0","1.0","0","2.0","0","1.0","0","3.0","0","1.0","0","2.0","0","1.0","0","2.0","0","1.0","0","2.0","0","1.0","0","4.0","0","1.0","0","1.0","0","1.0","0","3.0","0","1.0","0","3.0","0","1.0","0","4.0","0","1.0","0","2.0","0","1.0","0","0.0","","0.0","","0.0","","0.0","","0.0","","0.0","","0.0","","0.0","","0.0","","0.0","","0.0","","0.0"
"20","0.4389071","0.6261219","0.04445544554455445","4.445544554455446","6.0","0","5.0","0","3.0","0.08928571","3.0","0.01536098","2.0","0","3.0","0","2.0","0","4.0","0.07078507","5.0","0","2.0","0","2.0","0","3.0","0","8.0","0","5.0","0","3.0","0","4.0","0","3.0","0","2.0","0","3.0","0","3.0","0","3.0","0.08928571","3.0","0","3.0","0","3.0","0","7.0","0","5.0","0.05513784","46.0","0","3.0","0","3.0","0","2.0","0","8.0","0","3.0","0","4.0","0.07175473","1.0","0","3.0","0","4.0","0","2.0","0","2.0","0","8.0","0","2.0","0","7.0","0.03562864","5.0","0","3.0","0.08928571","3.0","0","2.0","0","7.0","0.01247947","3.0","0","2.0","0","5.0","0","3.0","0","2.0","0","5.0","0","2.0","0","5.0","0","3.0","0","6.0","0","2.0","0","3.0","0","2.0","0","4.0","0.05494505","2.0","0","2.0","0","9.0","0","1.0","0","2.0","0","3.0","0","4.0","0.01147447","4.0","0","2.0","0","2.0","0","2.0","0","3.0","0","8.0","0","2.0","0","4.0","0.02206736","2.0","0","5.0","0.07668522","5.0","0.02104097","5.0","0","2.0","0","5.0","0.01756819","2.0","0","2.0","0","4.0","0","4.0","0","2.0","0","3.0","0","2.0","0","6.0","0","5.0","0.01756819","4.0","0","1.0","0","3.0","0","4.0","0.06516291","3.0","0","6.0","0","6.0","0","2.0","0","3.0","0.04285714","5.0","0","3.0","0.08105370","4.0","0","4.0","0","6.0","0.05238095","2.0","0","4.0","0","3.0","0","3.0","0","5.0","0.01120448","2.0","0","5.0","0","1.0","0","5.0","0.01120448","2.0","0.04523810","7.0","0.01993355","1.0","0","5.0","0","1.0","0","20.0","0.1732229","0.0","0","1.0","0","65.0","0.1230907","55.0","0","33.0","0","1.0","0","46.0","0.1042328","1.0","0","76.0","0.02906235","6.0","0.07777778","1.0","0","2.0","0","1.0","0","2.0","0.1543860","1.0","0","3.0","0","1.0","0","1.0","0","2.0","0.1700405","4.0","0.01633394","1.0","0","3.0","0","1.0","0","3.0","0","1.0","0","4.0","0","2.0","0.06190476","3.0","0","1.0","0","2.0","0","1.0","0","3.0","0.03201970","1.0","0","3.0","0","1.0","0","2.0","0","1.0","0","3.0","0.09049774","1.0","0","2.0","0","1.0","0","3.0","0","1.0","0","3.0","0","1.0","0","2.0","0","3.0","0.2459893","2.0","0","1.0","0","2.0","0","1.0","0","3.0","0","1.0","0","2.0","0","1.0","0","2.0","0","1.0","0","2.0","0","1.0","0","4.0","0","1.0","0","1.0","0","1.0","0","3.0","0","1.0","0","3.0","0","1.0","0","4.0","0","1.0","0","2.0","0","1.0","0","1.0","0","1.0","0","1.0","0","1.0","0","2.0","0","1.0","0","3.0","0","1.0","0","1.0","0","1.0","0","3.0","0","1.0","0"
